,precision,recall,f1-score,support
0,0.9317681584739546,0.983733539891557,0.9570459683496609,1291.0
1,0.9468354430379747,0.8008565310492506,0.8677494199535963,467.0
accuracy,0.9351535836177475,0.9351535836177475,0.9351535836177475,0.9351535836177475
macro avg,0.9393018007559646,0.8922950354704038,0.9123976941516286,1758.0
weighted avg,0.9357706737705401,0.9351535836177475,0.9333249853570773,1758.0
