,precision,recall,f1-score,support
0,0.9310850439882697,0.983733539891557,0.9566854990583804,1291.0
1,0.9467005076142132,0.7987152034261242,0.8664343786295006,467.0
accuracy,0.934584755403868,0.934584755403868,0.934584755403868,0.934584755403868
macro avg,0.9388927758012415,0.8912243716588406,0.9115599388439405,1758.0
weighted avg,0.9352331790925448,0.934584755403868,0.9327109409012205,1758.0
