,precision,recall,f1-score,support
0,0.8760147601476015,0.919442292796282,0.8972033257747544,1291.0
1,0.7419354838709677,0.6402569593147751,0.6873563218390805,467.0
accuracy,0.8452787258248009,0.8452787258248009,0.8452787258248009,0.8452787258248009
macro avg,0.8089751220092847,0.7798496260555285,0.7922798238069174,1758.0
weighted avg,0.8403975690092693,0.8452787258248009,0.8414589851388273,1758.0
