,precision,recall,f1-score,support
0,0.9294636296840558,0.9798605731990705,0.9539969834087482,1291.0
1,0.9345088161209067,0.7944325481798715,0.8587962962962963,467.0
accuracy,0.9306029579067122,0.9306029579067122,0.9306029579067122,0.9306029579067122
macro avg,0.9319862229024813,0.8871465606894711,0.9063966398525223,1758.0
weighted avg,0.9308038470139816,0.9306029579067122,0.9287076086183529,1758.0
