,precision,recall,f1-score,support
0,0.9969111969111969,1.0,0.9984532095901005,1291.0
1,1.0,0.9914346895074947,0.9956989247311828,467.0
accuracy,0.9977246871444824,0.9977246871444824,0.9977246871444824,0.9977246871444824
macro avg,0.9984555984555985,0.9957173447537473,0.9970760671606417,1758.0
weighted avg,0.9977317151378585,0.9977246871444824,0.9977215537146087,1758.0
